id,first_name,last_name
1,Alice,Pimblotte
2,Bob,Warland
3,Mano,Divell
4,Zarla,Behnen
5,Kitti,Antat
6,Polly,Perocci
7,Min,Waslin
8,Emmit,Schulter
9,Emmeline,Bankes
10,Corinne,Baldrick
11,Cayla,McCarrick
12,Ettore,Alves
13,Belle,Caseley
14,Shirlee,Emberton
15,Ashlie,Cornner
16,Tarrance,Fender
17,Kermie,Perchard
18,Dieter,Hincks
19,Seana,Tomblin
20,Toma,Amys
21,Zara,Hattrick
22,Leslie,Stansby
23,Daphne,Barge
24,Romeo,Breede
25,Kristel,Crimmins
26,Mellie,Galiero
27,Kendricks,Croizier
28,Welch,Plaunch
29,Renato,Munt
30,Mellicent,McCrystal
31,Tull,Antrack
32,Lurline,Postlewhite
33,Charmine,Mycroft
34,Rriocard,Ciabatteri
35,Troy,Visick
36,Reina,Yusupov
37,Adham,Clemmen
38,Garrek,Camplin
39,Drusilla,Orbell
40,Thorsten,Cord
41,Lothario,Bumphrey
42,Amberly,Carberry
43,Emmalyn,Stammirs
44,Jerrylee,Kimm
45,Barri,Tebald
46,Brenna,Densey
47,Demetre,Winspar
48,Pauline,Matyugin
49,Nedi,Franz-Schoninger
50,Aime,McCambridge
51,Anatola,Humphris
52,Egon,Monni
53,Ketty,Bonavia
54,Bevan,Godwin
55,Winny,Varnals
56,Arni,Bartolozzi
57,Brenden,Woolatt
58,Austine,Delamere
59,Betta,Rosenstengel
60,Angelo,Dupre
61,Alistair,Greger
62,Lenard,Girke
63,Lamont,Wybrew
64,Ileane,Dunford
65,Carter,Keaysell
66,Emmy,Kittredge
67,Inga,Varvara
68,Tedd,Watman
69,Benjamin,Baddiley
70,Shea,Bellow
71,Ruthie,Michelotti
72,Muhammad,Greatbach
73,Jenni,Holyard
74,Brittne,Jameson
75,Selma,Groven
76,Carmela,Bernardeau
77,Conchita,Spavon
78,Jessie,Cornehl
79,Colleen,Bestall
80,Cynde,Prium
81,Carine,Burth
82,Mame,McGorley
83,Domeniga,Winning
84,Arlin,Gozzard
85,Mercie,Stitson
86,Kliment,Crowdace
87,Adrian,Blankenship
88,Neala,Stockle
89,Toiboid,Pretorius
90,Wash,Simkin
91,Dulcia,Rodenburgh
92,Kyle,Oultram
93,Joy,Micallef
94,Jesus,Esmond
95,Katalin,Tuffin
96,Alvira,Bassilashvili
97,Osborn,Baum
98,Zolly,Bartrap
99,Birch,Parffrey
100,Rosie,MacAnellye
101,Hedwiga,Cawson
102,Nehemiah,Gill
103,Mamie,Standish
104,Flinn,Casero
105,Gaby,Schiefersten
106,Roddy,Zoane
107,Nigel,Bosse
108,Homer,Coning
109,Baird,Warin
110,Lindsey,Poulsen
111,Rafaela,Younge
112,Shawnee,Sket
113,Kelby,Blackall
114,Garwin,Gherarducci
115,Arabela,Mcettrick
116,Corrie,Giggie
117,Mab,Sale
118,Evangelin,Dimond
119,Josias,Linck
120,Pembroke,Snodin
121,Nels,Oris
122,Josefina,Swindin
123,Alvera,Eveleigh
124,Samantha,Greenaway
125,Bertha,Collough
126,Margalit,Starr
127,Jakie,Bushaway
128,Malvina,Loisi
129,Chick,Byneth
130,Leroi,Follett
131,Sheri,Yegorov
132,Creight,Sposito
133,Christoper,Lanfranchi
134,Ronald,Landsman
135,Vin,Goodyear
136,Giselle,Kanzler
137,Liuka,Hirtz
138,Estrella,Grigolli
139,Othella,Nasey
140,Julita,Whotton
141,Maegan,Lipson
142,Polly,Tarquinio
143,Felicity,Florio
144,Basile,Emmatt
145,Bat,Latour
146,Kelvin,Anstead
147,Cristal,Dillow
148,Hestia,Borkin
149,Marlyn,Minett
150,Sonnnie,Wrefford
151,Pascal,Cleevely
152,Gilles,Rowthorne
153,Cristian,Mallon
154,Dominick,Tarbard
155,Dyanne,Sissland
156,Ronald,Leggs
157,Portia,Coldman
158,Ranee,Gebuhr
159,Gabbie,Weblin
160,Fanechka,Gillbe
161,Desiree,Laytham
162,Ulrica,ORowane
163,Sherm,Hein
164,Vidovic,Mitchelson
165,Merrily,Melladew
166,Ilise,Mariotte
167,Patin,Hearons
168,Thekla,Owain
169,Ileana,MacPake
170,Donaugh,Millsom
171,Leonardo,Gunstone
172,Mina,Heiss
173,Darla,Nimmo
174,Melisent,Whenham
175,Althea,Troy
176,Shawna,Puckring
177,Christos,Fishley
178,Joel,Geekin
179,Wendye,Carnihan
180,Garnet,Kolakowski
181,Devi,Grigorini
182,Denver,Gurrado
183,Janean,Middle
184,Morlee,Weyland
185,Fabiano,Bondley
186,Sophronia,Bosnell
187,Abigael,Singers
188,Susanna,Tuff
189,Forbes,Beckey
190,Prinz,Edwards
191,Marshal,Provest
192,Chan,Stidson
193,Elmore,DAndrea
194,Bobbye,Jemmett
195,Corbett,Chatto
196,Starlene,Rougier
197,Danny,Hum
198,Fanni,Alpin
199,Hulda,Maxworthy
200,Enrichetta,Dana
201,Rosalie,Charlin
202,Duky,Jurczak
203,Eleonore,Roswarn
204,Joelie,Fegan
205,Filippo,Pettican
206,Roch,Lodeke
207,Rolando,Phillpot
208,Leonora,Allaker
209,Zea,Batters
210,Elsa,Jeayes
211,Melitta,Pedley
212,Selia,Bowe
213,Rossy,Yewen
214,Ines,Nanninini
215,Adey,Thaxter
216,Bret,Mathias
217,Eli,Bawles
218,Hayes,Anfossi
219,Moina,Crucitti
220,Margeaux,Mottram
221,Kalie,Ogelsby
222,Dwayne,Toogood
223,Kylila,Bastable
224,Quillan,Trathen
225,Ashley,Kohlerman
226,Beverie,Prettyjohns
227,Jeffy,Grzegorzewski
228,Junia,Gavahan
229,Sonya,Dulinty
230,Clemente,Nolder
231,Gardener,Morford
232,Jermayne,Halpine
233,Netty,Potteridge
234,Pearline,Hanlin
235,Jelene,Royall
236,Marielle,Marvel
237,Tabbie,Wimmers
238,Giavani,Davidman
239,Alyse,Machans
240,Bartie,Sheircliffe
241,Lanette,Dowderswell
242,Carey,Mival
243,Sylvan,Fairlamb
244,Mahalia,Shackleton
245,Johnath,Kienl
246,Preston,Goligly
247,Agneta,Barlas
248,Dre,Murkus
249,Sharity,Edgett
250,Aggie,Bernardin
251,Aurel,Runnalls
252,Gwendolen,Riddiough
253,Godart,Tivenan
254,Cyb,Woolward
255,Illa,Scibsey
256,Emeline,Lumbley
257,Shanie,Simecek
258,Beverlie,Heintz
259,Janetta,Brigham
260,Tabbi,Bladder
261,Standford,Schirok
262,Cynthia,Phethean
263,Gretchen,Snowding
264,Averil,Turner
265,Dell,Clell
266,Grazia,Southcott
267,Siana,Baxstare
268,Christophe,Nelmes
269,Kinna,Aubert
270,Anabelle,Paullin
271,Hillier,Chrippes
272,Cameron,Staley
273,Garfield,Sturdey
274,Mehetabel,Tevelov
275,Sigismond,Bellerby
276,Sandra,Kempe
277,Ruperta,Clunan
278,Sly,Liddyard
279,Borden,Latham
280,Milka,Winney
281,Lisha,Flanner
282,Ginevra,Hartopp
283,Hale,Dysert
284,Lissie,Bascombe
285,Garret,Lyburn
286,Gusti,Beuscher
287,Odo,Kristiansen
288,Connie,Addinall
289,Jarrod,Stanway
290,Elysha,Treweela
291,Sherrie,Soule
292,Pier,MacAlpine
293,Farleigh,Carse
294,Steffane,Kerry
295,Carly,Brightling
296,Rhoda,Hackwell
297,Minta,Penreth
298,Hodge,Collingwood
299,Christian,Guye
300,Felix,Somersett
301,Brendin,Maraga
302,Rinaldo,Duigan
303,Conny,Mattingson
304,Winne,Derell
305,Nathalia,Leadston
306,Anica,Tredwell
307,Kayne,Gotobed
308,Yorke,Oaten
309,Zelda,Reuss
310,Adelind,Eisikowitz
311,Maxi,Emerson
312,Franky,Brabant
313,Lorna,Wharf
314,Dorian,Biscomb
315,Vinson,Bridgens
316,Shela,Stansfield
317,Lionello,Wrassell
318,Kristen,Mayer
319,Saunders,Bremmer
320,El,Crasswell
321,Jerrie,OCodihie
322,Germaine,Troubridge
323,Enrichetta,Cranke
324,Yvon,Heinsh
325,Sibylle,Shiel
326,Robinett,Shemelt
327,Conny,Eyer
328,Pen,Park
329,Jobey,Belderfield
330,Kristal,Koche
331,Reinald,Goare
332,Fancie,Limeburner
333,Caryl,Naisbet
334,Gilli,Poyner
335,Corrie,Shackelton
336,Analiese,Shovelton
337,Vina,Mudie
338,Nadia,Yoslowitz
339,Dmitri,Robens
340,Reuben,McFayden
341,Karole,Upham
342,Noble,Tomasutti
343,Renell,Gosse
344,Gladi,Gosnay
345,Stern,McConnal
346,Pattin,Sillitoe
347,Dionis,Peers
348,Chastity,Grzelczak
349,Harman,Sibson
350,Alie,Fairhead
351,Moss,Arnoud
352,Dillie,Catterill
353,Domeniga,Durtnell
354,Clayborne,Rolland
355,Poul,Spinke
356,Aron,Ixor
357,Klement,Grimshaw
358,Marv,Boribal
359,Pepe,Elvy
360,Bliss,Healey
361,Nike,Drysdell
362,Zabrina,Scorrer
363,Pippo,Korting
364,Frankie,Asbury
365,Archibald,Trim
366,Zeke,Ivachyov
367,Florencia,Male
368,Gennifer,Garrison
369,Delaney,Machin
370,Jonell,Demongeot
371,Elicia,Bathoe
372,Emlyn,Mockler
373,Eryn,Matteotti
374,Hagen,Crickmore
375,Crista,Westwater
376,Skell,Sarten
377,Daune,Gookes
378,Hort,Stennett
379,Yevette,Cahen
380,Sheila,Bogey
381,Davie,Pingston
382,Astrid,Arsmith
383,Dix,Lapslie
384,Bette,Pitsall
385,Regen,Joreau
386,Tabbie,deGuerre
387,Alberta,Tapper
388,Peyton,Siemantel
389,Weber,Emmerson
390,Myrvyn,McCard
391,Kimmie,Fawbert
392,Fallon,Lias
393,Minna,Dimic
394,Letitia,Formilli
395,Vanya,Mollindinia
396,Jase,Ravenscraft
397,Wren,OCollopy
398,Codi,Gibbeson
399,Olly,Mathwin
400,Timothy,Pragnell
401,Minnie,Botha
402,Noby,Uttley
403,Adelice,Buckleigh
404,Prinz,Redwall
405,Jacquie,Capey
406,Bailie,Cyseley
407,Crosby,Dafforne
408,Robyn,Reford
409,Meriel,Leathwood
410,Lock,Grzelczak
411,Tana,Schwier
412,Faustine,Cockayme
413,Conney,MacCleod
414,Lorelei,Pretty
415,Skylar,Abramino
416,Lydie,LeJean
417,Charlean,Ferrillo
418,Sibylle,Ghidoli
419,Quinton,Cornish
420,Madlen,Bygraves
421,Dorisa,Clougher
422,Durward,Kapelhof
423,Raquel,Matzen
424,Terza,Carrigan
425,Maxie,McIlvaney
426,Tab,Bertomieu
427,Jewel,Limpricht
428,Courtnay,Fullbrook
429,Lolita,Alentyev
430,Laird,Ruben
431,Doralynn,Cairns
432,Simona,Bird
433,Johnathan,Pridding
434,Crissy,Ciccone
435,Kit,Zorro
436,Celle,Plak
437,Yale,Presser
438,Clayborne,Zorzi
439,Ernie,Climance
440,Appolonia,Osgorby
441,Cly,OFallone
442,Emalia,Heinel
443,Edward,Pipworth
444,Land,Eckert
445,Dasha,Lavell
446,Filberte,VanDale
447,Easter,McEntee
448,Erl,Iddison
449,Cynthea,Swenson
450,Geoff,Woodcock
451,Nahum,Sanchez
452,Marilyn,Bumby
453,Marj,Lys
454,Aldrich,Clowton
455,Dreddy,Pittet
456,Ferrel,Prime
457,Neila,Lacrouts
458,Alexandro,Peter
459,Albertina,Kirtlan
460,Corrina,Mathers
461,Carolyne,Keilty
462,Veronica,Vitler
463,Daisi,Hablot
464,Delores,Siflet
465,Jule,Linkie
466,Coleen,Blacksland
467,Addy,Coan
468,Rossy,Heyward
469,Johnnie,Teulier
470,Judon,Alvy
471,Portie,Huntall
472,Ikey,Purser
473,Neddy,Ebunoluwa
474,Benson,Matys
475,Prentiss,Amburgy
476,Arni,Daubney
477,Nikolia,Tumulty
478,Leighton,Tommeo
479,Orton,Bedder
480,Ivan,Douthwaite
481,Shellie,Hully
482,Ruthi,Barends
483,Rahel,Turvey
484,Brice,Paschek
485,Jessamine,Palle
486,Celisse,Pashley
487,Kristina,Bruckman
488,Sebastian,Lewerenz
489,Jewelle,Zute
490,Hilton,Meadowcraft
491,Clementia,McKeaveney
492,Matti,Pentycost
493,Bonita,Strettle
494,Darda,Haggie
495,Ewen,Ellins
496,Liana,Miall
497,Jenni,Jobke
498,Shelley,Haversham
499,Dicky,Yanshinov
500,Tabbi,Martinec
501,Webb,Assandri
502,Griffin,Lohmeyer
503,Hewie,Brettel
504,Zilvia,Passo
505,Fancy,Eagell
506,Myrvyn,Garlinge
507,Kaitlyn,Dran
508,Bone,Gotecliffe
509,Ardyth,Dyott
510,Garner,Chazelle
511,Dominik,Brookson
512,Buiron,Shovelin
513,Ginger,Petracek
514,Peggi,Lehmann
515,Sonya,Adenot
516,Harvey,Befroy
517,Trstram,Elstob
518,Hubey,Reolfi
519,Moss,Petersen
520,Daryl,Fellgatt
521,Taddeusz,Hymor
522,Collie,Jirousek
523,Dorian,Elcum
524,Fair,Goadby
525,Fayth,Lesser
526,Tuesday,Avory
527,Anthia,Trinke
528,Deonne,Daffern
529,Tillie,Ambrogioni
530,Rutger,Loakes
531,Norrie,Rubke
532,Ailene,Fallow
533,Shaw,VonDerEmpten
534,Grata,Oliphant
535,Galvin,Goneau
536,Ferne,Latek
537,Raffarty,Howle
538,Gerri,Ivashnikov
539,Robyn,Beton
540,Hernando,Eul
541,Dorolisa,Ren
542,Grantley,Massey
543,Vince,Casero
544,Melina,Yashanov
545,Shane,Berthod
546,Zia,Crut
547,Valentino,Gilchriest
548,Ody,Warlawe
549,Maitilde,Sproson
550,Maxy,Orritt
551,Carey,Brimson
552,Quintina,Tenwick
553,Wally,Barthelme
554,Sutherland,Wetter
555,Vilma,Perrygo
556,Nelia,Mahady
557,Junia,Sturges
558,Griswold,Bellin
559,Leda,Charke
560,Tabby,Reany
561,Milly,Bruni
562,Thedrick,Dyzart
563,Abramo,Hickin
564,Arny,McKelvey
565,Liva,Illwell
566,Margareta,Wapple
567,Alyosha,Sawl
568,Eolanda,Smillie
569,Sebastiano,Fullerd
570,Susannah,Hackinge
571,Ashlin,Lecordier
572,Aloin,Hames
573,Malcolm,DAntuoni
574,Mallissa,Spennock
575,Kellia,Polfer
576,Waldemar,Tynemouth
577,Jade,Bocken
578,Leonanie,Dulton
579,Ondrea,Portigall
580,Dahlia,Addis
581,Regine,Snazle
582,Jerrilyn,Brimblecomb
583,Galvin,Niess
584,Shana,Ivashinnikov
585,Ogdon,ODreain
586,Rochell,Pyle
587,Vita,Shorto
588,Forrester,Dunbar
589,Jerrome,Loxdale
590,Beryle,Fennelow
591,Winston,Wansbury
592,Bee,ODulchonta
593,Elysee,Lakeland
594,Care,Thomassen
595,Dar,McGairl
596,Isabel,ODeoran
597,Hayley,Darkott
598,Dalton,Papen
599,Andonis,Josey
600,Dee,Itzkowicz
601,Blondy,Beausang
602,Rolph,Devaney
603,Loren,Noquet
604,Yolane,Duiged
605,Breanne,Pinkerton
606,Addie,Stedmond
607,Hadleigh,Impy
608,Sonia,Semeradova
609,Shawn,Iddins
610,Milo,Canfield
611,Holli,Frude
612,Cullin,Perle
613,Yasmin,Laroze
614,Maureen,Sydes
615,Amabelle,Duthy
616,Trenton,Shuker
617,Sarita,Mammatt
618,Angelica,Melluish
619,Lula,Sagrott
620,Kimberli,Oller
621,Rahel,Comizzoli
622,Carroll,Brugmann
623,Finlay,Codling
624,Marcela,Davys
625,Tracy,Ezele
626,Roseline,McGlue
627,Rosette,Borthram
628,Lancelot,Steanson
629,Rycca,Tinner
630,Kyle,Knoles
631,Dominik,Gatrell
632,Rory,Shelp
633,Kristel,Aldcorne
634,Stephanus,Alaway
635,Cris,Guihen
636,Rourke,Buttler
637,Betty,Adamson
638,Chan,Jozsef
639,Dannye,Severwright
640,Laverne,Carlet
641,Evelyn,Ovington
642,Moishe,VandenVelde
643,Curcio,Nason
644,Broderic,Elsie
645,Grange,Robelow
646,Riobard,Sircombe
647,Bernelle,Bosher
648,Kalil,Bartosik
649,Damiano,Cuttle
650,Jose,Harcourt
651,Billi,Maxwaile
652,Nanette,Alvy
653,Mufi,Lethieulier
654,Jan,Scallon
655,Joann,Jirik
656,Mayne,Thursfield
657,Audie,Gilks
658,Zachery,Gytesham
659,Edmund,Chrishop
660,Merridie,Briggs
661,Carly,Whordley
662,Hammad,Darey
663,Kellyann,Kilty
664,Mellicent,Lytlle
665,Hadley,Aguirre
666,Karoline,Ekell
667,Sam,Breawood
668,Winny,Caddell
669,Jan,Simanenko
670,Annabela,Eastcott
671,Son,Butlin
672,Mari,Green
673,Marven,Kelsey
674,Marlow,Starzaker
675,Nicholas,Gioani
676,Nikolos,Fulger
677,Jourdan,Rowlands
678,Hilary,Heaphy
679,Patty,McLese
680,Oby,Ansell
681,Ebeneser,Heaney`
682,Vanny,Sollon
683,Amabel,Longina
684,Ian,Vlasyev
685,Iorgos,MacDearmaid
686,Lizette,Adamov
687,Ana,Yellep
688,Chadd,Ladbrook
689,Anna-maria,Duly
690,Hurlee,Nore
691,Sada,Sylvester
692,Leann,Tunna
693,Killian,Wark
694,Leone,Raeburn
695,Hanny,Yeskin
696,Lock,Dilrew
697,Damita,Hayen
698,Merola,Rendall
699,Melisandra,Worsall
700,Ivette,Ecob
701,Flo,Stoneman
702,Tris,Haversum
703,Minnaminnie,Mohring
704,Brant,DeVere-Hunt
705,Timmie,Dowdle
706,Glen,Alenikov
707,Erinn,Waldrum
708,David,Brighouse
709,Reggi,Penhearow
710,Cindelyn,Ballard
711,Finlay,Warlaw
712,Lee,Dundon
713,Meggy,Donnell
714,Minnie,Antoniak
715,Dermot,Fantonetti
716,Charmaine,Acome
717,Arlena,Clayson
718,Dominique,Iacovucci
719,Ian,Sachno
720,Tandy,Chick
721,Caspar,Walewicz
722,Abbey,Kelemen
723,Cecelia,Longmaid
724,Freda,Burrett
725,Dorisa,Conradsen
726,Nataniel,Latty
727,Abey,Shimmans
728,Aron,Fitzackerley
729,Roman,Aindrais
730,Roseanne,Michallat
731,Eleonore,Matcham
732,Jeannette,Glaisner
733,Berni,Dootson
734,Sibby,Cowoppe
735,Abdul,Brunton
736,Rochella,Roobottom
737,Blake,Feronet
738,Berke,Domegan
739,Chicky,Maber
740,Angelika,Stobbart
741,Sibbie,Ollerton
742,Ranique,Winfindale
743,Katheryn,Huelin
744,Cam,Lunck
745,Zane,Labuschagne
746,Nealson,Meran
747,Jemie,Chevins
748,Kaleb,Harmston
749,Clarette,Summerlee
750,Manuel,Raffeorty
751,Myrwyn,Macrow
752,Maury,Stannis
753,Marchall,Murney
754,Aurthur,Collihole
755,Alejandrina,MacAdam
756,Cynthy,Ribchester
757,Panchito,Govini
758,Siward,Comelini
759,Martica,Mateescu
760,Vonny,Bettesworth
761,Randie,Pennetta
762,Siegfried,Mowett
763,Sibyl,StClair
764,Isidora,Martinho
765,Iggy,Rathmell
766,Ruy,Biasini
767,Dan,Seagrove
768,Huntley,Janssen
769,Gustavus,Scorton
770,Milzie,Stellin
771,Beaufort,McTrustey
772,Lorelei,Hanse
773,Chris,Mayling
774,Joachim,Dyer
775,Delcine,Ryson
776,Erek,Glasscock
777,Anabel,Sholem
778,Idelle,Bentame
779,Velvet,Kenealy
780,Aguste,Veysey
781,Kally,dEscoffier
782,Yuri,Dilrew
783,Amy,Alloway
784,Mallory,Dowgill
785,Charmian,Milier
786,Amalle,Crain
787,Lurette,deMullett
788,Marylin,Stukings
789,Field,Maceur
790,Waverley,Byres
791,Domenic,Marlowe
792,Rica,Haddinton
793,Kirsten,Schwandner
794,Padriac,Frend
795,Jeremiah,Grugerr
796,Goldina,Ockendon
797,Johannah,Secombe
798,Melloney,OKynsillaghe
799,Caldwell,Ibbitson
800,Julissa,Dunning
801,Alyss,Bugg
802,Brigg,DiPietro
803,Tommie,Aisbett
804,Gena,Luker
805,Carolann,Benazet
806,Page,Pinnocke
807,Kalvin,Buck
808,Giuditta,Jenkins
809,Arabel,Schorah
810,Wally,Whytock
811,Edy,Mould
812,Westbrooke,Brame
813,Wynnie,Luttger
814,Benedicto,Gammage
815,Jude,MacAllaster
816,Dorelle,Sellan
817,Budd,Bedell
818,Phylis,Osgar
819,Tammi,Americi
820,Randolph,Obispo
821,Alec,Cartmael
822,Freemon,Bickell
823,Aurel,Toolin
824,Maddy,Wellwood
825,Inessa,Bowlands
826,Alison,Nairn
827,Vincent,Easterfield
828,Angel,Egginton
829,Homer,Jaine
830,Munroe,Visick
831,Roana,Casino
832,Ethe,Veysey
833,Katalin,Rollitt
834,Kaitlyn,Mitchenson
835,Keen,Dudden
836,Geralda,Andree
837,Frederik,Fairbeard
838,Dicky,Diggin
839,Delbert,Stirrip
840,Hyacintha,Fernihough
841,Yoko,Scritch
842,Derward,Dorricott
843,Dominique,Wiskar
844,Sanson,Venmore
845,Petr,Lyness
846,Darin,Janes
847,Barnabas,Jurczyk
848,Lothaire,Stonhard
849,Brittni,Ramet
850,Essy,Wrack
851,Timothee,McVittie
852,Granthem,Wigginton
853,Rowney,Chester
854,Marleen,Whiterod
855,Germana,Dinneen
856,Sheryl,Hatfield
857,Monique,Rolse
858,Petra,Peakman
859,Loria,Whitemarsh
860,Nannie,Gladyer
861,Bette,Larkkem
862,Rana,Stannislawski
863,Garwin,Gammett
864,Dix,Greder
865,Deane,Cicchitello
866,Alfonse,McCay
867,Godwin,Wearne
868,Teodora,Chatfield
869,Colleen,Yorke
870,Harold,Meiner
871,Karrie,Garford
872,Amalee,Pollitt
873,Adela,Glenton
874,Wallache,Jankiewicz
875,Cordell,Deware
876,Julio,Broster
877,Karlee,Kewish
878,Gibb,McIntee
879,Neville,Abeau
880,Viola,Sushams
881,Marguerite,Warden
882,Cornelle,McQuillin
883,Major,Flight
884,Gregg,Torresi
885,Conant,Spurrior
886,Terrel,Neilus
887,Bartlet,Blodg
888,Brandyn,Mungham
889,Milena,Rainard
890,Milicent,Hirschmann
891,Vaughn,Simnor
892,Viki,Piniur
893,Esther,Zanre
894,Brita,Feldberg
895,Darby,Hurrion
896,Jermaine,Spratling
897,Stephani,Martensen
898,Ann-marie,Rennick
899,Neddie,Barday
900,Conway,Henzer
901,Jaynell,Pulhoster
902,Hastie,Jessopp
903,Danika,Pelchat
904,Riordan,Langmuir
905,Antoni,Hamflett
906,Ranna,Kristiansen
907,Faydra,Kopelman
908,Boothe,Zanutti
909,Dicky,Houlison
910,Darnall,Erickson
911,Hallie,Tilbrook
912,Sara,Pala
913,Marc,Rubinsohn
914,Hollie,McElmurray
915,Filide,McFie
916,Clayton,Jakeman
917,Faunie,Fetterplace
918,Gabrila,Babar
919,Stanley,Briat
920,Vikky,Yarr
921,Kass,OKuddyhy
922,Valera,Skudder
923,Sari,Valenti
924,Fredrick,Shippard
925,Julio,Mees
926,Manolo,Divall
927,Gaby,Batrick
928,Erin,Saffer
929,Ferdinanda,Welland
930,Nicholas,Worden
931,Emlynne,Treske
932,Sherline,Adamec
933,Molly,Kerwen
934,Corny,Routley
935,Max,Garrod
936,Vernice,Kock
937,Enid,Pabst
938,Suzie,Maylard
939,Alejandra,Kenner
940,Gretta,Scay
941,Patton,Norsworthy
942,Carlynn,Furby
943,Garry,Melledy
944,Brandice,Hallwell
945,Janis,Durtnel
946,Farleigh,Officer
947,Cherry,Coultard
948,Maude,Cohn
949,Tatiana,Abbotts
950,Arturo,Santarelli
951,Shayne,Abbado
952,Cordie,Allwright
953,Tobi,Hirche
954,Audry,Kobiera
955,Pattin,Broader
956,Rudd,Huckle
957,Silvain,Franciottoi
958,Dyna,Frisdick
959,Jayne,Insoll
960,Marcia,Waitland
961,Nanete,Tacker
962,Archibald,Lackney
963,Berton,Hamerton
964,Hedda,Danilewicz
965,Ariel,Hockey
966,Collie,Angeau
967,Anne-corinne,Bon
968,Zenia,Huntley
969,Caesar,Taaffe
970,Barrie,Sidnall
971,Mady,Tuting
972,Katrina,Village
973,Edi,Kubach
974,Marietta,Cregg
975,Isaak,Fiddiman
976,Velvet,Brannigan
977,Lexis,Collett
978,Becky,Lermit
979,Ugo,Twort
980,Celesta,Mews
981,Ivy,Semorad
982,Neils,Ambresin
983,Norman,Fahy
984,Bridget,Webb
985,Jemmie,ODay
986,Luise,Mollison
987,Zachary,Bransden
988,Eleonore,Yeandel
989,Cybil,Manvell
990,Ignazio,Bohden
991,Tildy,Mahony
992,Astrix,Stallon
993,Anna-diana,Dawidowitz
994,Jess,Polglase
995,Velma,Henken
996,Archibaldo,Petett
997,Candis,Ughelli
998,Prue,Sharvell
999,Baldwin,Weld
1000,Ken,Medler
